{
  "type": "perceptron",
  "classifications": ["NORMAL", "COVID"],
  "featureIndices": [
    757, 231, 722, 297, 1053, 782, 983, 859, 339, 610, 662, 953, 466, 227, 892,
    433, 957, 635, 803, 138, 421, 584, 73, 940, 60, 187, 1165, 1030, 156, 820,
    1094, 413, 152, 1125, 1063, 312, 342, 128, 881, 605, 1186, 324, 1016, 200,
    831, 114, 1114, 576, 71, 447, 1236, 545, 1109, 1178, 867, 872, 262, 1013,
    619, 102, 850, 599, 1012, 862, 1179, 609, 893, 1188, 445, 1169, 442, 422,
    1078, 294, 861, 837, 1209, 946, 48, 1215, 614, 771, 363, 743, 636, 966, 41,
    380, 122, 836, 1042, 557, 1171, 704, 1021, 18, 360, 397, 426, 290, 1270,
    882, 711, 248, 150, 259, 876, 1183, 337, 219, 1088, 524, 652, 348, 760, 646,
    326, 924, 489, 1195, 1274, 341, 196, 321, 640, 125, 657, 1098, 225, 592,
    666, 817, 1019, 1198, 78, 16, 726, 1056, 1153, 61, 484, 1214, 866, 468,
    1139, 1132, 581, 958, 398, 130, 764, 1106, 885, 548, 108, 177, 1226, 693,
    210, 80, 213, 1087, 493, 453, 960, 547, 416, 217, 255, 1160, 178, 222, 27,
    1050, 593, 479, 976, 570, 929, 123, 287, 302, 182, 481, 772, 1242, 974,
    1213, 682, 336, 792, 838, 900, 220, 677, 683, 857, 648, 638, 499, 920, 1208,
    829, 855, 937, 810, 932, 680, 1102, 1005, 1276, 31, 475, 785, 864, 46, 1067,
    987, 618, 588, 1250, 415, 371, 741, 550, 669, 161, 273, 393, 888, 367, 378,
    770, 1177, 254, 863, 461, 1140, 826, 615, 1267, 1264, 97, 880, 1010, 1081,
    908, 1196, 805, 977, 703, 432, 921, 1044, 263, 869, 34, 765, 719, 877, 118,
    313, 362, 701, 1099, 15, 529, 232, 1036, 539, 151, 813, 994, 347, 1105, 133,
    898, 190, 1057, 717, 86, 1075, 332, 887, 870, 358, 596, 409, 444, 1045, 492,
    696, 1261, 490, 1070, 649, 632, 572, 1097, 316, 1093, 1271, 439, 471, 523,
    1059, 21, 1031, 448, 19, 270, 965, 629, 1272, 740, 521, 207, 651, 835, 382,
    990, 1273, 993, 530, 912, 311, 183, 474, 261, 1262, 1065, 1072, 578, 402,
    691, 1199, 170, 944, 860, 603, 1084, 113, 228, 276, 353, 269, 241, 352, 291,
    245, 699, 763, 175, 933, 503, 791, 623, 1245, 147, 587, 739, 660, 412, 956,
    541, 518, 154, 1172, 72, 767, 428, 467, 195, 201, 664, 808, 981, 832, 787,
    995, 890, 1032, 1194, 425, 340, 856, 309, 375, 796, 819, 661, 712, 721, 191,
    628, 1003, 1137, 171, 818, 1239
  ],
  "weights": [
    0.590080738067627, 0.5554493069648743, 0.45739173889160156,
    0.42614486813545227, -0.422762930393219, 0.4165714383125305,
    0.41629037261009216, -0.41398659348487854, 0.4122205376625061,
    0.41051164269447327, 0.40948155522346497, -0.37433743476867676,
    0.3714023530483246, 0.3674018085002899, 0.36152753233909607,
    0.35676929354667664, -0.3558948040008545, -0.3528478145599365,
    0.33489829301834106, -0.3280279040336609, -0.32671424746513367,
    0.32058820128440857, -0.31606853008270264, 0.3125913441181183,
    0.30201148986816406, -0.30160364508628845, 0.29601213335990906,
    -0.29197177290916443, 0.29030004143714905, 0.28186050057411194,
    0.28131771087646484, -0.2798253297805786, -0.27837541699409485,
    -0.2745387852191925, 0.27210599184036255, -0.2698040306568146,
    0.2671964764595032, 0.26573771238327026, -0.26569750905036926,
    -0.26446208357810974, -0.25940242409706116, 0.25926029682159424,
    -0.25644129514694214, 0.2552618980407715, 0.25441527366638184,
    0.2537687122821808, 0.2505735158920288, 0.2485971450805664,
    -0.2485700100660324, 0.2417539358139038, -0.2394280731678009,
    0.23765461146831512, -0.2365754246711731, 0.23474687337875366,
    -0.23343537747859955, 0.23233018815517426, -0.23188599944114685,
    0.22925302386283875, 0.22627004981040955, 0.22451899945735931,
    0.224130317568779, 0.2237129807472229, 0.22312889993190765,
    0.2227155715227127, -0.22215569019317627, 0.22002217173576355,
    -0.21968065202236176, 0.21963872015476227, -0.21824806928634644,
    -0.21811935305595398, 0.21648648381233215, -0.2162627875804901,
    0.21613100171089172, 0.209862619638443, 0.20953749120235443,
    0.20783722400665283, 0.2067340612411499, -0.20650091767311096,
    -0.20595195889472961, -0.20536428689956665, 0.2043982446193695,
    -0.2037864625453949, 0.20323413610458374, 0.20273181796073914,
    0.20008480548858643, -0.19924500584602356, -0.19753402471542358,
    -0.19692400097846985, -0.19685177505016327, -0.1965114176273346,
    0.19628414511680603, 0.19517198204994202, -0.19434869289398193,
    -0.19298623502254486, 0.19293276965618134, -0.1907084882259369,
    -0.18821775913238525, 0.1877414733171463, 0.18723562359809875,
    -0.18616880476474762, 0.18516001105308533, 0.18480440974235535,
    0.18414223194122314, 0.18414010107517242, 0.18301650881767273,
    0.18171218037605286, -0.1803845465183258, 0.17893312871456146,
    -0.17843104898929596, 0.17809736728668213, 0.17745928466320038,
    -0.1769690364599228, 0.17685332894325256, -0.17659220099449158,
    0.17619889974594116, -0.17604438960552216, 0.17358830571174622,
    -0.17213022708892822, 0.17191806435585022, 0.17034564912319183,
    0.17030069231987, 0.16893142461776733, 0.1686551421880722,
    0.16845573484897614, 0.16793233156204224, 0.16789637506008148,
    -0.16740116477012634, 0.1669914424419403, -0.16663730144500732,
    0.1663743555545807, -0.16621166467666626, 0.16617223620414734,
    -0.16582129895687103, 0.16537290811538696, 0.16534928977489471,
    0.16506102681159973, -0.16425645351409912, 0.16394759714603424,
    0.16366331279277802, -0.162824347615242, 0.16277341544628143,
    0.16190077364444733, -0.16135293245315552, 0.1610250324010849,
    -0.16056279838085175, 0.16055653989315033, -0.159804567694664,
    -0.15945205092430115, -0.15730834007263184, -0.1570058912038803,
    0.1561707705259323, 0.15613913536071777, 0.15488895773887634,
    -0.15488535165786743, -0.15477782487869263, -0.1544111669063568,
    0.15369975566864014, -0.15334776043891907, 0.15301598608493805,
    -0.1527504175901413, 0.1525329351425171, -0.1516195386648178,
    0.15089286863803864, 0.1508195847272873, 0.15081867575645447,
    0.15027467906475067, 0.14944136142730713, 0.14906349778175354,
    -0.14900588989257812, -0.148487851023674, 0.1483433097600937,
    -0.14811570942401886, 0.14790865778923035, -0.14758381247520447,
    0.14618384838104248, -0.145636186003685, 0.1445244550704956,
    0.14449341595172882, 0.1442691683769226, 0.14397460222244263,
    0.14392971992492676, 0.14360131323337555, 0.1434316188097,
    -0.14238454401493073, 0.14199437201023102, 0.14192746579647064,
    -0.14192603528499603, 0.14189140498638153, 0.141876682639122,
    0.1406586468219757, 0.1400831639766693, 0.13976016640663147,
    -0.13946397602558136, 0.1388673335313797, -0.13850337266921997,
    -0.13825723528862, -0.13784165680408478, 0.1377255767583847,
    0.13694976270198822, 0.13663025200366974, -0.13574866950511932,
    0.1356014907360077, 0.13529044389724731, 0.13410066068172455,
    0.13325399160385132, 0.132691890001297, -0.13239283859729767,
    0.132061168551445, 0.13156627118587494, -0.13116875290870667,
    -0.13103362917900085, -0.1305234432220459, 0.13035422563552856,
    -0.1299627721309662, -0.1298026740550995, 0.12959161400794983,
    0.12946869432926178, 0.12940281629562378, -0.1293117254972458,
    -0.12910567224025726, 0.12900516390800476, 0.1275506615638733,
    -0.12751035392284393, -0.12729758024215698, -0.12611985206604004,
    0.12575146555900574, 0.1248256117105484, -0.12423209846019745,
    0.12421710789203644, 0.1235196515917778, -0.12227903306484222,
    -0.12154652178287506, -0.12061625719070435, 0.12055124342441559,
    0.11988911032676697, 0.1196802631020546, -0.11912823468446732,
    0.11898438632488251, 0.11893527954816818, 0.1187824010848999,
    -0.11871625483036041, -0.11860577762126923, -0.11840656399726868,
    -0.11767858266830444, 0.11747892200946808, -0.11684846878051758,
    0.1167917475104332, -0.11660315096378326, 0.1163666844367981,
    0.11552973836660385, 0.11547201871871948, -0.11541397124528885,
    0.11506173014640808, -0.1150444895029068, 0.11498621851205826,
